Fraud,Financial Crime / Suspisious Activity,HR Management,Financial performance,Terrorism,Other,International Footprint,MoneyLaundering
crime,money launder,equity,investigation,asset,corruption,financial statement,concern
federal,customer,debt,fraudulent,policy,scandal,economy,threat
criminal,finance,capital,mortgage fraud,income,crisis,financial,conflict
law enforcement,anti money,balance,fraud detection,loan,bribery,global,ongoing
terrorist,money_launder,balance sheet,guilty,investment,abuse,fund,foreign
security,financial crime,interest,bank account,risk,corruption scandal,economic,violence
terrorism,dirty money,financial crisis,allegation,high,investigate,strategic,political
civil,launder,investment,attorney,result,activity,statement fraud,assistance
enforcement,currency,industry,bribery,increase,suspicious,economic forum,reform
police,experience,management,scam,expense,embezzlement,world economic,national security
justice,financial institution,general,lawsuit,impact,involve,infrastructure,justify
cash,financial system,private equity,theft,interest,identify,cooperation,criminal activity
insider trade,terrorist finance,enterprise,law enforcement,profit,voter,sector,involvement
profit,bank account,growth,misappropriation,significant,bank account,financial institution,domestic
guilty,improve,important,federal,ability,suspect,assistance,national
conviction,launder money,financial system,fraudster,revenue,guilty,humanitarian,global financial
personal,government,potential,embezzlement,audit,organize crime,ongoing,income tax
social,provide,corporate,bankruptcy,customer relation,whether,conflict,footprint
prosecution,cash,analysis,indictment,current,certain,crisis management,cooperation
criminal activity,illegal,company’s,victim,analysis,anti corruption,fraud scheme,environmental crime
justice department,bank say,governance,complaint,benefit,wrongdoing,concern,terror
legal,ensure,liquidity,attorney general,potential,conduct,domestic,tax return
organize crime,organize crime,shareholder equity,conspiracy,development,evidence,global financial,financial crisis
reform,federal government,significant,defraud,basis,particularly,investment,monetary
terror,evasion,responsibility,evasion,credit,indicate,involvement,federal reserve
asset forfeiture,consumer,assessment,prosecute,demand,particular,criminal charge,crisis management
attorney general,dollar,increase,fraud scheme,provide,misappropriation,finance,enforcement agency
federal government,big bank,outstanding,illegal,company’s,specific,financial obligation,federal government
civil asset,criminal activity,portfolio,prosecution,fiscal,prosecution,scenario plan,infrastructure
criminal charge,personal,consistent,criminal charge,focus,concern,capital,organize crime
burden,profit,development,misconduct,involvement,active,money_launder,tax fraud
company say,federal,government official,plead guilty,corporate,behavior,behaviour,immigration
foreign,success,major,disclosure,finance,involvement,civil society,financial service
involvement,invest,much important,federal court,institutional,potentially,corporate,tax evasion
prison,focus,necessary,occupational fraud,cash flow,attorney general,financial service,criminal charge
significant,breach,operational,wrongdoing,current asset,detect,forgery,homeland security
trust,foreign bank,overall,accusation,customer service,likely,launder money,much likely
bank account,global bank,sector,money_launder,compliance,suspicion,necessary,overseas
bribe,monetary,state government,financial crime,ensure,accusation,organizational,profit
concern,small business,work capital,tax evasion,income tax,conviction,responsible,public health
corporate,tax fraud,achieve,bribe,outstanding,defraud,transnational,aware
credit,bribe,assistance,state attorney,total liability,harassment,accusation,civil
education,company can,benchmark,breach,commitment,rather,achieve,environmental
financial crime,employment agreement,critical,cooperation,general,financial crime,allegation,human traffic
identity,financial crisis,failure,litigation,important,suspicious activity,big bank,institutional
justify,launder charge,fiscal,misuse,improve,suspicious transaction,bribe,murder
much likely,much money,focus,anti corruption,tax fraud,aware,company say,poverty
serious,successful,high,collusion,efficiency,benefit,complaint,prosecution
extent,tax evasion,leadership,conviction,operational,business insider,consistent,questionable
finance,whether,ability,financial crisis,small business,conspiracy,current liability,sector
fiscal,ability,bank say,fraud risk,total asset,federal government,drug traffic,activity
governance,asset forfeiture,benefit,interest rate,company can,fraudster,efficiency,collusion
institution,aware,launder scheme,likely,improvement,government contract,enforcement agency,evidence
monetary,big corruption,much money,transnational,international drug,launder scandal,failure,government official
company can,business model,net income,conflict,much information,law enforcement,felony,launder scheme
drug policy,complaint,technical,financial report,overall,law firm,financial crime,law enforcement
drug traffic,conspiracy,theft,government contract,particularly,monetary,general manager,property tax
environmental crime,cooperation,basis,much money,responsibility,much likely,indicate,regional
extremist,counter terrorism,business model,particularly,shareholder equity,much money,institutional,transnational
humanitarian,customer relationship,company can,racketeering,technical,responsible,interest,trust
market manipulation,drug traffic,competitive,sale fraud,accountability,threat,lawsuit,apparent
much information,employee may,compliance,voter,achieve,unusual,loan origination,assessment
public health,financial service,economy,abuse,bank account,violent,major,bribe
responsibility,forgery,efficiency,behavior,current liability,accountability,misuse,certain
responsible,fraud risk,evasion,benefit,customer relationship,activity report,murder,compliance
state government,high net,experience,cash,evasion,asset forfeiture,occupational fraud,conviction
ultimately,indictment,intellectual property,criminal activity,extent,benchmark,presence,dangerous
violent,intellectual property,owner equity,criminal group,foreign,central bank,prison,employee fraud
accountability,international drug,rather,detect,governance,confidence,private military,expertise
anti money,investment,unusual,development,growth,corporate,private sector,felony
asset,justify,accountability,domestic,high level,counter terrorism,responsibility,fraud perpetrator
asset misappropriation,launder software,attorney general,education,institution,dangerous,scam,globe
cash flow,market manipulation,bankruptcy,footprint,mutual fund,employee may,serious,governance
civil forfeiture,much information,big bank,foreign bank,retain earnings,estate tax,small business,harassment
collar crime,murder,breach,fraudulently,stability,extortion,society,high level
conflict,mutual fund,business owner,governance,taxation,felony,tax evasion,invest
conspiracy,particularly,certain,high court,work capital,financial service,technical,investment bank
counter terrorism,policy,civil,investigate,big bank,fraud scheme,terrorist,market share
danger,state government,commitment,involvement,business insider,governance,unusual,money_launder
enforcement agency,tax haven,company law,justify,business service,growth,work capital,mortgage banker
failure,tax revenue,company may,national bank,can lead,improve,worldwide,much information
financial system,terrorism,consumer,online report,cash equivalent,insider trade,ability,net income
find guilty,unclear,current liability,property tax,collusion,invest,active,public fund
improve,abuse,customer relation,questionable,company law,investment bank,activity report,racketeering
internal control,accusation,defraud,real estate,criminal group,million loan,anti money,security consultant
judicial,achieve,enforcement agency,suspicious,defraud,personal,apparent,successful
many company,activity,evaluation,ability,employee may,prosecute,assessment,suspicious activity
misrepresentation,activity report,fraud scheme,accountability,enforcement agency,real estate,asset,tax revenue
much money,analysis,fraudster,action task,expense fraud,significant,asset misappropriation,theft
scam,apparent,indictment,activity,expertise,society,audit,ability
tax evasion,audit,internal control,analysis,financial crisis,tax return,aware,abuse
tax fraud,balance,involvement,assessment,financial institution,taxpayer,balance,achieve
tax haven,bankruptcy,likely,audit,footprint,total asset,balance sheet,active
theft,basis,million loan,balance,government contract,vehicle production,bankruptcy,allegation
threat,benchmark,misrepresentation,balance sheet,high risk,achieve,benchmark,analysis
wrongful,business insider,mortgage banker,basis,industry trend,action task,business insider,asset
ability,business owner,mortgage loan,behaviour,internal investigation,apparent,business model,asset forfeiture
accusation,can lead,much information,big bank,launder money,audit,business owner,attorney general
achieve,capital,mutual fund,big corruption,launder scheme,behaviour,business service,balance sheet
activity,central bank,performance management,business insider,market value,big corruption,cash,basis
activity report,civil society,personal use,business owner,much likely,breach,central bank,benchmark
anti corruption,collusion,questionable,business service,organizational,burden,certain,benefit
assistance,company’s,scenario plan,can lead,prison,business model,civil,big bank
audit,compliance,security,cash equivalent,quarterly earnings,can lead,collar crime,bribery
aware,conflict,specific,cash flow,responsible,civil,collusion,burden
balance sheet,consistent,strategic,civil,security,civil society,competitive,business model
bank say,conviction,success,civil asset,strategic partner,collusion,compliance,business owner
behavior,corruption,transnational crime,collar crime,successful,commitment,confidence,business service
behaviour,corruption scandal,violence,commitment,tax evasion,company may,consumer,can lead
big bank,credit,whether,company can,theft,complaint,conviction,cash
big corruption,crime,abuse,company may,victim,compliance,corruption,civil asset
breach,criminal,action task,compliance,whether,consumer,corruption scandal,civil society
business service,criminal charge,activity,corporate,world health,cooperation,counter terrorism,collar crime
can lead,crisis,activity report,corruption,abuse,crime,credit,company may
capital,current,apparent,counter terrorism,active,criminal,criminal,complaint
civil society,current asset,asset forfeiture,credit,activity,criminal group,criminal activity,conduct
commitment,current liability,asset misappropriation,crime,anti corruption,crisis management,crisis,confidence
complaint,debt,aware,critical,anti money,current,currency,consistent
consumer,defraud,behavior,currency,asset forfeiture,current asset,current asset,conspiracy
corruption,demand,bribe,current liability,attorney,customer relation,customer relationship,corruption
criminal group,drug policy,can lead,customer,attorney general,customer relationship,customer service,corruption scandal
crisis,education,cash,demand,aware,debt,dangerous,counter terrorism
current,employee fraud,cash equivalent,economic,balance sheet,development,defraud,crime
current liability,enforcement,central bank,economic forum,behaviour,disclosure,dollar,critical
customer relation,enforcement agency,civil society,economy,benchmark,economy,education,currency
customer relationship,environmental,collar crime,employee fraud,big corruption,education,embezzlement,current
dangerous,estate tax,collusion,enforcement,bribe,efficiency,employment agreement,current liability
debt,evaluation,complaint,enforcement agency,bribery,employment agreement,enforcement,customer
defraud,extortion,concern,enterprise,central bank,enterprise,enterprise,danger
domestic,extremist,conflict,evaluation,certain,evaluation,environmental,debt
economic,failure,conspiracy,evidence,civil asset,expense,equity,dollar
economy,financial,conviction,extent,competitive,expense fraud,evaluation,drug policy
employee fraud,financial statement,cooperation,extremist,complaint,expertise,evasion,economic
employment agreement,find guilty,corruption scandal,failure,conduct,extremist,experience,education
ensure,fiscal,counter terrorism,finance,confidence,financial,extent,efficiency
estate tax,fraud detection,credit,financial obligation,conspiracy,financial obligation,extremist,embezzlement
evaluation,fraud scheme,criminal,financial statement,cooperation,financial report,federal,employee may
evasion,fraudster,criminal activity,focus,corruption,fiscal,federal government,enforcement
expense,fraudulent,criminal charge,fraud perpetrator,corruption scandal,foreign,financial report,equity
extortion,globe,criminal group,general manager,crime,foreign bank,fiscal,estate tax
federal court,governance,crisis management,global bank,criminal,fraud detection,focus,evasion
financial,government official,current,globe,criminal charge,fraudulent,foreign bank,expense fraud
financial report,harassment,current asset,growth,crisis,fraudulently,fraud detection,extortion
focus,high risk,customer,high level,currency,general,fraudster,failure
foreign bank,homeland security,detect,high risk,customer,global bank,general,financial
fraud perpetrator,identify,drug traffic,identify,debt,high net,globe,financial system
fraud scheme,identity,economic,impact,dirty money,high risk,government contract,find guilty
fraudulently,important,economic forum,important,economic,impact,high level,fiscal
general manager,income tax,embezzlement,improvement,economic forum,important,high risk,forgery
global,increase,employee fraud,income,economy,income tax,human traffic,fraud detection
global bank,indicate,employment agreement,increase,education,increase,identity,fraudster
globe,infrastructure,ensure,indicate,employee fraud,industry,illegal,fraudulent
government,institutional,environmental,insider trade,environmental crime,industry trend,important,general
government official,interest rate,evidence,institution,estate tax,intellectual property,improve,global
high net,internal investigation,expertise,internal investigation,evaluation,internal control,increase,global bank
identify,investigation,extent,invest,evidence,internal investigation,indictment,government
illegal,investment bank,extremist,investment bank,extortion,international drug,industry trend,growth
impact,involve,federal,involve,extremist,investigation,insider trade,humanitarian
important,involvement,federal court,justice department,federal,judicial,intellectual property,identity
income,judicial,financial crime,launder,federal court,justice,internal investigation,illegal
income tax,leadership,financial service,launder money,federal government,justice department,international drug,improve
indicate,legal,financial statement,launder scheme,federal reserve,launder,investigate,income
industry,likely,foreign,launder software,financial,launder charge,investment bank,indicate
infrastructure,loan origination,forgery,law firm,financial crime,launder scheme,judicial,indictment
institutional,major,fraud detection,leadership,financial obligation,leadership,justice,industry trend
intellectual property,many company,fraud perpetrator,major,financial report,legal,justice department,insider trade
interest,market value,fraudulent,management,financial service,litigation,justify,institution
international drug,misappropriation,general manager,market manipulation,financial system,loan,launder scheme,interest
investigate,misconduct,globe,market share,foreign bank,loan origination,law enforcement,interest rate
investigation,misrepresentation,homeland security,market value,forgery,major,law firm,international drug
investment,mortgage banker,identify,million loan,fraud perpetrator,market manipulation,legal,involve
investment bank,mortgage industry,identity,misrepresentation,fraudulent,misrepresentation,likely,judicial
launder,mortgage loan,illegal,mortgage banker,fraudulently,money launder,loan,justice
launder software,much likely,improve,much information,global bank,mortgage fraud,market manipulation,justice department
lawsuit,national bank,improvement,murder,globe,mortgage industry,million loan,law firm
leadership,occupational fraud,indicate,mutual fund,government,much important,misappropriation,lawsuit
major,ongoing,insider trade,national,government official,national,misconduct,leadership
management,overseas,institution,necessary,high net,national bank,money launder,loan origination
million loan,owner equity,international drug,ongoing,homeland security,national security,mortgage industry,major
misappropriation,personal use,invest,organizational,humanitarian,occupational fraud,mortgage loan,market value
misuse,police say,investigate,outstanding,identify,online report,much important,misappropriation
mortgage fraud,political,investment bank,overall,indicate,operational,much information,misconduct
murder,potentially,involve,particular,indictment,organizational,much money,misrepresentation
national,poverty,justice department,performance management,industry,overseas,national,much important
national bank,private equity,launder,portfolio,infrastructure,owner equity,national bank,mutual fund
net earnings,prosecute,launder charge,potential,internal control,performance management,national security,necessary
net income,public fund,launder money,potentially,investigate,portfolio,organize crime,overall
occupational fraud,public health,launder scandal,presence,investigation,potential,overall,particularly
operational,questionable,law firm,prison,investment bank,poverty,owner equity,personal use
performance management,real estate,legal,private sector,involve,presence,particular,plead guilty
potential,recession,market manipulation,profit,judicial,private military,personal use,portfolio
potentially,reform,market value,public health,justice,property tax,police say,potentially
poverty,responsibility,misconduct,reform,launder,public health,potential,presence
presence,responsible,misuse,regional,launder charge,recession,potentially,private sector
private equity,revenue,murder,responsibility,law enforcement,reform,poverty,recession
private military,scandal,national,responsible,lawsuit,report say,profit,report say
private sector,scenario plan,net earnings,result,liquidity,responsibility,property tax,responsible
property tax,security,occupational fraud,retain earnings,loan origination,retain earnings,public fund,risk
prosecute,serious,ongoing,sector,management,sale fraud,questionable,sale fraud
public fund,shareholder equity,online report,security,market share,security,real estate,scandal
real estate,social,organize crime,security consultant,million loan,security consultant,recession,security
recession,society,particularly,serious,misconduct,serious,retain earnings,serious
regional,stability,plead guilty,significant,misuse,social,revenue,shareholder equity
revenue,strategic,political,small business,monetary,state attorney,risk,significant
scandal,substantial,poverty,social,mortgage banker,state government,security,social
security consultant,suspicious,presence,stability,mortgage industry,strategic,security consultant,stability
shareholder equity,suspicious transaction,private military,state government,murder,success,shareholder equity,state attorney
small business,tax return,property tax,strategic,national,tax evasion,stability,state government
society,taxpayer,racketeering,strategic partner,national bank,tax haven,state government,statement fraud
state attorney,technical,recession,successful,occupational fraud,tax revenue,success,strategic
strategic,term liability,reform,suspect,ongoing,taxation,suspicious,strategic partner
strategic partner,terrorist,regional,suspicious transaction,online report,technical,suspicious activity,suspicious transaction
substantial,total asset,responsible,tax fraud,organize crime,terrorist,suspicious transaction,taxation
success,transnational,result,tax haven,performance management,total liability,tax haven,technical
successful,transnational crime,retain earnings,tax return,personal,transnational,tax return,total liability
suspicious,ultimately,sale fraud,tax revenue,portfolio,ultimately,taxation,transnational crime
suspicious transaction,unusual,security consultant,taxation,potentially,unclear,taxpayer,unusual
tax return,victim,small business,taxpayer,poverty,victim,term liability,victim
taxation,voter,society,term liability,private equity,violence,terror,violent
taxpayer,wealth,stability,terrorist finance,private military,world economic,threat,voter
technical,work environment,state attorney,unclear,property tax,worldwide,total liability,work capital
term liability,world health,substantial,unusual,prosecute,ability,ultimately,world economic
total asset,wrongful,successful,vehicle production,public fund,allegation,vehicle production,worldwide
transnational crime,accountability,suspect,violent,public health,analysis,victim,wrongdoing
vehicle production,action task,suspicious transaction,wealth,racketeering,anti money,violence,wrongful
victim,active,tax haven,work capital,rather,assessment,violent,accountability
voter,allegation,tax return,world economic,real estate,asset,voter,accusation
wealth,anti corruption,tax revenue,wrongful,recession,asset misappropriation,whether,action task
work capital,assessment,taxation,achieve,regional,assistance,wrongdoing,activity report
world health,asset,terrorist,active,scam,attorney,wrongful,anti corruption
wrongdoing,asset misappropriation,transnational,activity report,scandal,balance,abuse,anti money
abuse,assistance,ultimately,anti money,security consultant,balance sheet,accountability,asset misappropriation
action task,attorney,vehicle production,apparent,serious,bank say,action task,attorney
active,attorney general,violent,asset,social,bankruptcy,activity,audit
allegation,balance sheet,voter,asset forfeiture,state attorney,basis,analysis,balance
analysis,behavior,wealth,asset misappropriation,statement fraud,big bank,anti corruption,bank account
apparent,behaviour,wrongdoing,assistance,suspicion,bribe,asset forfeiture,bank say
assessment,benefit,wrongful,aware,suspicious activity,business owner,attorney,bankruptcy
attorney,bribery,accusation,bank say,tax return,business service,attorney general,behavior
balance,burden,active,benchmark,tax revenue,capital,bank account,behaviour
bankruptcy,business service,allegation,burden,taxpayer,cash,bank say,big corruption
basis,cash equivalent,anti corruption,business model,term liability,cash equivalent,basis,breach
benchmark,cash flow,anti money,capital,terrorist,cash flow,behavior,business insider
benefit,certain,asset,central bank,unusual,civil asset,benefit,capital
bribery,civil,attorney,certain,vehicle production,civil forfeiture,big corruption,cash equivalent
business insider,civil asset,audit,civil forfeiture,violence,collar crime,breach,cash flow
business model,civil forfeiture,bank account,civil society,voter,company can,bribery,central bank
business owner,collar crime,behaviour,company law,wealth,company law,burden,civil forfeiture
cash equivalent,commitment,big corruption,company say,work environment,company say,can lead,commitment
central bank,company law,bribery,company’s,world economic,company’s,cash equivalent,company can
certain,company may,burden,competitive,worldwide,competitive,cash flow,company law
collusion,company say,business insider,concern,wrongful,conflict,civil asset,company say
company law,competitive,business service,conduct,accusation,consistent,civil forfeiture,company’s
company may,concern,cash flow,confidence,action task,credit,commitment,competitive
company’s,conduct,civil asset,consistent,activity report,criminal activity,company can,consumer
competitive,confidence,civil forfeiture,consumer,allegation,criminal charge,company law,corporate
compliance,corporate,company say,corruption scandal,apparent,critical,company may,credit
conduct,criminal group,conduct,criminal,assessment,currency,company’s,criminal
confidence,crisis management,confidence,crisis,asset misappropriation,current liability,conduct,criminal group
consistent,critical,corruption,crisis management,assistance,customer,conspiracy,crisis
cooperation,customer relation,crime,current,balance,customer service,crime,current asset
corruption scandal,customer service,crisis,current asset,bank say,danger,criminal group,customer relation
crisis management,danger,currency,customer relation,bankruptcy,demand,critical,customer relationship
critical,dangerous,customer relationship,customer relationship,behavior,dirty money,current,customer service
currency,detect,customer service,customer service,breach,dollar,customer,defraud
current asset,development,danger,danger,burden,domestic,customer relation,demand
customer,disclosure,dangerous,dangerous,business model,drug policy,danger,detect
customer service,domestic,demand,debt,business owner,drug traffic,debt,development
demand,economic,dirty money,dirty money,capital,economic,demand,dirty money
detect,economic forum,disclosure,dollar,cash,economic forum,detect,disclosure
development,economy,dollar,drug policy,civil,employee fraud,development,drug traffic
dirty money,efficiency,domestic,drug traffic,civil forfeiture,enforcement,dirty money,economic forum
disclosure,embezzlement,drug policy,efficiency,civil society,enforcement agency,disclosure,economy
dollar,enterprise,education,employee may,collar crime,ensure,drug policy,employment agreement
economic forum,environmental crime,employee may,employment agreement,company may,environmental,employee fraud,ensure
efficiency,equity,enforcement,ensure,company say,environmental crime,employee may,enterprise
embezzlement,evidence,environmental crime,environmental,concern,equity,ensure,evaluation
employee may,expense,estate tax,environmental crime,conflict,evasion,environmental crime,expense
enterprise,expense fraud,expense,equity,consistent,experience,estate tax,experience
environmental,expertise,expense fraud,estate tax,consumer,extent,evidence,extent
equity,extent,extortion,expense,conviction,failure,expense,extremist
evidence,federal court,federal government,expense fraud,counter terrorism,federal,expense fraud,federal
expense fraud,federal reserve,federal reserve,experience,criminal activity,federal court,expertise,federal court
experience,felony,felony,expertise,crisis management,federal reserve,extortion,finance
expertise,financial obligation,finance,extortion,critical,finance,federal court,financial crime
federal reserve,financial report,financial,federal government,danger,financial crisis,federal reserve,financial institution
felony,footprint,financial institution,federal reserve,dangerous,financial institution,financial crisis,financial obligation
financial crisis,foreign,financial obligation,felony,detect,financial statement,financial system,financial report
financial institution,fraud perpetrator,financial report,financial,disclosure,financial system,find guilty,financial statement
financial obligation,fraudulently,find guilty,financial institution,dollar,find guilty,footprint,focus
financial service,fund,footprint,financial service,domestic,focus,foreign,foreign bank
financial statement,general,foreign bank,financial system,drug policy,footprint,fraud perpetrator,fraud risk
footprint,general manager,fraud risk,find guilty,drug traffic,forgery,fraud risk,fraud scheme
forgery,global,fraudulently,fiscal,embezzlement,fraud perpetrator,fraudulent,fraudulently
fraud detection,global financial,fund,foreign,employment agreement,fraud risk,fraudulently,fund
fraud risk,government contract,global,forgery,enforcement,fund,global bank,general manager
fraudster,growth,global bank,fund,enterprise,general manager,governance,government contract
fraudulent,guilty,global financial,general,environmental,global,government,guilty
fund,high,government,global,equity,global financial,government official,high
general,high court,government contract,global financial,experience,globe,growth,high court
global financial,high level,guilty,government,failure,government,guilty,high net
government contract,human traffic,harassment,government official,felony,government official,harassment,high risk
growth,humanitarian,high court,harassment,financial statement,high,high,identify
harassment,immigration,high level,high,find guilty,high court,high court,impact
high,impact,high net,high net,fraud detection,high level,high net,important
high court,improvement,high risk,homeland security,fraud risk,homeland security,homeland security,improvement
high level,income,human traffic,human traffic,fraud scheme,human traffic,identify,increase
high risk,industry,humanitarian,humanitarian,fraudster,humanitarian,immigration,industry
homeland security,industry trend,immigration,identity,fund,identity,impact,intellectual property
human traffic,insider trade,impact,immigration,general manager,illegal,improvement,internal control
immigration,institution,income,improve,global,immigration,income,internal investigation
improvement,interest,income tax,income tax,global financial,improvement,income tax,investigate
increase,internal control,industry trend,industry,guilty,income,industry,investigation
indictment,investigate,infrastructure,industry trend,harassment,indictment,institution,investment
industry trend,justice,institutional,infrastructure,high court,infrastructure,interest rate,launder
interest rate,justice department,interest rate,institutional,human traffic,institution,internal control,launder charge
internal investigation,launder scandal,internal investigation,intellectual property,identity,institutional,invest,launder money
invest,launder scheme,investigation,interest,illegal,interest,investigation,launder scandal
involve,law enforcement,judicial,internal control,immigration,interest rate,involve,launder software
launder charge,law firm,justice,international drug,insider trade,investment,launder,legal
launder money,lawsuit,justify,investment,intellectual property,justify,launder charge,likely
launder scandal,liquidity,launder software,judicial,interest rate,launder money,launder scandal,liquidity
launder scheme,litigation,law enforcement,justice,invest,launder software,launder software,litigation
law firm,loan,lawsuit,launder charge,justice department,lawsuit,leadership,loan
likely,management,litigation,launder scandal,justify,liquidity,liquidity,management
liquidity,market share,loan,legal,launder scandal,management,litigation,many company
litigation,million loan,loan origination,liquidity,launder software,many company,management,market manipulation
loan,misuse,many company,loan,law firm,market share,many company,million loan
loan origination,mortgage fraud,market share,loan origination,leadership,market value,market share,misuse
market share,much important,misappropriation,many company,legal,misconduct,market value,money launder
market value,national,monetary,monetary,likely,misuse,misrepresentation,mortgage fraud
misconduct,national security,money launder,money launder,litigation,money_launder,monetary,mortgage industry
money launder,necessary,money_launder,mortgage industry,major,mortgage banker,mortgage banker,mortgage loan
money_launder,net earnings,mortgage fraud,mortgage loan,many company,mortgage loan,mortgage fraud,much money
mortgage banker,net income,mortgage industry,much important,market manipulation,much information,much likely,national bank
mortgage industry,online report,much likely,much likely,misappropriation,murder,mutual fund,net earnings
mortgage loan,operational,national bank,national security,misrepresentation,mutual fund,net earnings,occupational fraud
much important,organizational,national security,net earnings,money launder,necessary,net income,online report
mutual fund,outstanding,organizational,net income,money_launder,net earnings,online report,operational
national security,overall,overseas,operational,mortgage fraud,net income,operational,organizational
necessary,particular,particular,organize crime,mortgage loan,ongoing,outstanding,outstanding
ongoing,performance management,personal,overseas,much important,outstanding,overseas,owner equity
online report,plead guilty,police,owner equity,much money,overall,particularly,particular
organizational,police,police say,personal,national security,personal use,performance management,performance management
outstanding,portfolio,policy,personal use,necessary,plead guilty,personal,personal
overall,potential,potentially,police,net earnings,police,plead guilty,police
overseas,presence,prison,police say,net income,police say,police,police say
owner equity,prison,private sector,policy,overseas,policy,policy,policy
particular,private military,profit,political,owner equity,political,political,potential
particularly,private sector,prosecute,poverty,particular,prison,portfolio,prison
personal use,property tax,prosecution,private equity,personal use,private equity,private equity,private equity
plead guilty,prosecution,provide,private military,plead guilty,private sector,prosecute,private military
police say,quarterly earnings,public fund,provide,police,profit,prosecution,prosecute
policy,racketeering,public health,public fund,police say,provide,provide,provide
political,rather,quarterly earnings,quarterly earnings,political,public fund,public health,quarterly earnings
portfolio,regional,real estate,rather,presence,quarterly earnings,quarterly earnings,rather
provide,report say,report say,recession,private sector,questionable,racketeering,real estate
quarterly earnings,result,revenue,report say,prosecution,racketeering,rather,responsibility
questionable,retain earnings,risk,revenue,questionable,regional,reform,result
racketeering,risk,scam,risk,reform,result,regional,retain earnings
rather,sale fraud,scandal,scandal,report say,revenue,report say,revenue
report say,scam,serious,scenario plan,sale fraud,risk,result,scam
result,sector,social,shareholder equity,scenario plan,scam,sale fraud,scenario plan
retain earnings,security consultant,statement fraud,society,sector,scenario plan,scandal,small business
risk,significant,strategic partner,specific,society,sector,significant,society
sale fraud,specific,suspicion,statement fraud,specific,shareholder equity,social,specific
scenario plan,state attorney,suspicious,substantial,state government,small business,specific,substantial
sector,statement fraud,suspicious activity,success,strategic,stability,state attorney,success
specific,strategic partner,tax evasion,suspicion,substantial,statement fraud,strategic partner,suspect
stability,suspect,tax fraud,suspicious activity,success,strategic partner,substantial,suspicion
statement fraud,suspicion,taxpayer,technical,suspect,substantial,successful,suspicious
suspect,suspicious activity,term liability,terror,suspicious,successful,suspect,tax haven
suspicion,taxation,terror,terrorism,suspicious transaction,tax fraud,suspicion,taxpayer
suspicious activity,terror,terrorism,terrorist,tax haven,term liability,tax fraud,term liability
tax revenue,theft,terrorist finance,threat,terror,terror,tax revenue,terrorism
terrorist finance,threat,threat,total asset,terrorism,terrorism,terrorism,terrorist
total liability,total liability,total asset,total liability,terrorist finance,terrorist finance,terrorist finance,terrorist finance
transnational,trust,total liability,transnational crime,threat,theft,theft,total asset
unclear,vehicle production,trust,trust,transnational,transnational crime,total asset,ultimately
unusual,violence,unclear,ultimately,transnational crime,trust,transnational crime,unclear
violence,violent,victim,violence,trust,wealth,trust,vehicle production
whether,work capital,work environment,whether,ultimately,work capital,unclear,wealth
work environment,world economic,world economic,work environment,unclear,work environment,wealth,whether
world economic,worldwide,world health,world health,violent,world health,work environment,work environment
worldwide,wrongdoing,worldwide,worldwide,wrongdoing,wrongful,world health,world health
